area,bedrooms,bathrooms,location,age,garage,furnished,pool,gym,security,power_backup,water_supply,price
1360,3,1,Kolkata,20,0,0,0,1,1,2,0,7729560.93
1684,4,2,Hyderabad,21,0,0,0,0,0,2,1,14029415.1
3234,3,3,Pune,2,1,1,0,0,1,1,1,24703496.32
3056,3,2,Chennai,16,0,1,0,1,1,0,2,22902251.12
661,2,2,Delhi,35,1,1,0,0,0,1,1,9935850.21
879,5,1,Delhi,28,1,0,1,1,0,0,2,13441929.17
891,3,3,Mumbai,32,1,1,1,1,1,1,0,19383220.64
3231,3,3,Hyderabad,0,1,1,1,1,0,1,0,28522300.83
1984,3,3,Kolkata,31,1,0,0,1,0,1,2,10623753.2
3229,5,1,Delhi,5,1,0,0,1,0,0,1,35510121.48
1806,1,1,Pune,12,1,0,0,0,0,0,1,12434457.14
4263,1,1,Mumbai,11,0,1,0,0,0,1,1,53160775.43
1354,5,1,Pune,0,0,0,0,1,0,1,2,12671415.97
3431,2,2,Hyderabad,21,1,0,1,0,0,0,1,25929556.27
1869,3,3,Bangalore,18,1,0,1,0,1,2,2,20840109.3
4561,2,1,Kolkata,6,1,1,0,1,0,0,2,24163093.03
4590,1,1,Hyderabad,34,1,1,1,0,1,2,2,34909024.16
3683,1,1,Pune,34,1,0,0,0,1,2,1,23266893.73
4993,5,4,Chennai,7,1,1,0,0,0,1,1,37717349.15
3854,3,2,Pune,20,1,1,0,0,1,1,0,26551475.99
516,4,4,Mumbai,29,1,1,0,0,1,1,2,13881603.14
1684,3,2,Kolkata,24,1,1,1,0,0,1,1,10070576.39
654,2,2,Kolkata,25,1,1,1,0,0,2,2,6350523.84
4615,1,1,Hyderabad,7,1,1,1,0,0,0,1,37802615.75
4646,1,1,Pune,21,1,0,0,1,0,0,1,28576448.15
1376,4,2,Hyderabad,34,1,1,1,1,0,2,1,14877798.87
1869,5,2,Chennai,22,1,1,0,1,1,1,0,17160230.87
1080,5,3,Kolkata,11,1,0,0,0,0,0,1,9132403.3
3559,5,4,Pune,15,0,1,0,0,1,1,2,25670127.76
4230,2,2,Kolkata,0,1,1,1,1,1,2,2,24000370.29
2187,4,2,Chennai,34,1,1,0,1,0,2,2,18118595.93
4685,5,2,Mumbai,9,0,1,0,0,1,1,2,61894900.24
1228,5,5,Chennai,35,0,1,1,1,1,1,2,13609948.69
4351,1,1,Hyderabad,12,1,0,0,1,1,1,1,32493153.67
895,5,1,Bangalore,18,0,0,1,1,1,1,1,12416491.31
4136,1,1,Bangalore,38,0,1,0,1,1,2,1,35234505.69
1453,4,1,Delhi,37,0,1,0,1,1,0,0,17354177.17
4812,5,4,Kolkata,35,1,0,1,1,1,2,0,24865309.13
4768,5,2,Bangalore,27,1,1,1,1,1,1,1,45906170.91
1323,1,1,Mumbai,37,1,1,1,1,0,0,2,18779153.32
1750,3,1,Chennai,17,0,0,0,1,1,1,2,13893358.37
4968,2,2,Chennai,35,1,0,0,0,1,2,2,33028097.66
3008,4,4,Mumbai,28,0,0,1,0,1,2,0,40661025.05
1515,1,1,Hyderabad,0,1,1,0,1,0,2,1,15994829.23
2133,1,1,Mumbai,34,0,0,0,1,1,2,2,26794321.47
4678,1,1,Delhi,20,1,0,1,1,0,1,2,46902526.97
2074,2,2,Chennai,33,1,1,0,1,1,0,2,16074570.69
3778,5,5,Kolkata,13,1,0,0,0,0,1,1,21870628.9
2982,2,2,Bangalore,37,1,1,0,1,1,2,1,28614568.53
3531,5,2,Chennai,5,1,0,1,0,0,0,0,27788352.8
3945,4,4,Kolkata,3,1,1,0,1,0,0,0,21937371.19
1023,2,2,Hyderabad,33,0,0,0,0,1,1,1,7708813.58
3378,5,1,Bangalore,25,1,0,0,1,1,2,1,32587845.19
864,2,2,Delhi,6,1,1,1,0,1,1,1,16674556.36
2575,2,1,Mumbai,16,0,0,0,1,1,1,2,33156762.94
1993,2,1,Kolkata,7,1,1,0,0,1,1,1,12166852.04
1376,5,1,Bangalore,32,0,0,0,0,1,0,2,13932583.16
503,1,1,Bangalore,29,0,1,1,1,1,1,2,8668235.97
1641,4,3,Pune,19,1,0,0,1,0,1,1,14761738.71
1401,2,2,Mumbai,9,1,1,0,1,0,0,0,22830747.2
2494,3,2,Mumbai,30,1,1,1,0,1,2,1,36350794.89
4143,5,3,Pune,36,0,0,0,1,1,1,1,26823711.38
1565,1,1,Hyderabad,17,1,1,0,0,0,2,1,14252213.69
4533,5,3,Kolkata,38,0,1,1,0,0,2,2,23388949.74
977,3,1,Chennai,37,1,1,1,0,0,2,1,9521962.64
3728,5,5,Hyderabad,3,1,1,1,1,1,1,1,34294264.49
3825,2,2,Bangalore,37,0,1,0,1,1,0,0,34026424.52
4031,4,4,Bangalore,3,1,0,1,1,0,0,0,39832842.99
3867,1,1,Pune,21,1,0,0,0,0,2,1,23849631.56
3208,1,1,Kolkata,8,0,1,1,0,1,2,2,17271262.95
3781,3,2,Kolkata,26,1,0,0,0,0,1,1,18649032.73
3213,4,2,Kolkata,20,1,1,0,1,1,1,1,18456603.18
2292,5,3,Kolkata,18,1,1,1,0,1,1,1,14981407.04
2661,3,3,Pune,3,0,1,1,0,0,1,1,21675859.8
554,4,4,Kolkata,6,1,0,0,0,1,0,0,5630739.87
4175,2,1,Mumbai,31,1,1,1,1,1,0,1,54088437.28
1443,2,1,Kolkata,9,0,0,0,0,1,1,2,8132138.49
1909,3,3,Delhi,11,1,0,1,0,1,1,2,24905504.61
3261,3,2,Chennai,22,1,1,0,0,1,1,1,24759732.72
941,5,5,Chennai,33,0,0,1,0,1,1,1,9896308.33
2122,5,2,Mumbai,21,0,1,1,1,1,1,1,33793449.25
3181,2,2,Chennai,0,0,1,0,0,0,1,2,24853596.62
1750,2,1,Kolkata,23,1,1,0,0,0,1,0,11255042.27
653,2,1,Delhi,8,0,1,0,1,1,1,2,11928970.05
4703,4,3,Hyderabad,29,0,0,0,1,1,2,2,34835946.41
4562,5,1,Bangalore,22,1,1,1,1,1,1,0,44444583.43
546,2,2,Delhi,6,1,1,0,0,0,2,1,11615998.68
3794,4,3,Hyderabad,34,1,1,0,1,0,0,0,29177596.24
3483,2,1,Hyderabad,22,0,0,0,1,0,1,2,24860518.21
1238,2,2,Kolkata,29,0,0,0,1,0,0,0,6713751.73
4913,5,4,Mumbai,15,1,1,1,0,1,2,1,67746069.76
2533,4,2,Pune,36,0,0,1,0,0,1,1,16560656.54
2328,5,5,Delhi,5,1,1,1,1,1,2,0,33421085.37
1384,3,1,Pune,9,0,0,0,1,1,2,2,11375606.69
3236,1,1,Kolkata,34,1,1,0,1,1,2,2,17779837.34
2530,1,1,Hyderabad,8,1,1,0,0,0,1,0,20569530.76
1855,2,1,Delhi,14,1,1,0,0,0,1,2,21774545.6
2211,5,4,Chennai,4,1,0,1,1,1,1,2,20995160.96
2496,5,1,Bangalore,5,1,1,0,0,0,1,1,26953465.27
1056,2,1,Hyderabad,30,1,0,0,1,0,2,2,9825184.4
2047,2,2,Hyderabad,12,1,1,1,0,1,1,2,19725540.27
1747,2,1,Delhi,27,1,1,0,1,1,0,1,20222310.12
1417,1,1,Mumbai,9,1,0,0,1,1,1,1,22243083.47
528,3,1,Chennai,5,1,1,0,0,0,1,2,9089108.14
538,5,5,Bangalore,10,0,0,1,1,0,2,1,12422900.59
4526,4,2,Hyderabad,18,0,1,0,1,0,1,0,34925912.07
1291,4,2,Mumbai,14,1,1,0,0,0,0,1,22588645.29
1459,4,1,Hyderabad,23,1,1,1,0,0,0,2,14884903.8
1020,1,1,Chennai,21,1,0,1,0,1,0,0,8649846.84
665,3,1,Kolkata,24,1,1,0,0,0,1,2,4330560.34
1091,4,4,Kolkata,32,1,0,0,1,0,1,0,7169994.02
589,2,2,Delhi,14,0,0,0,1,1,0,2,8935061.46
2770,1,1,Kolkata,11,1,1,1,0,1,0,2,16373697.03
1394,3,3,Delhi,13,0,0,0,0,1,1,2,17444799.8
2427,5,5,Chennai,31,1,1,1,0,1,2,2,21966858.99
852,4,1,Hyderabad,29,1,1,1,1,1,2,1,10864603.72
2212,3,1,Delhi,35,0,0,1,1,1,1,2,23063894.62
1029,5,1,Bangalore,34,1,1,1,1,0,1,1,13863380.17
3552,1,1,Pune,13,1,0,0,0,0,2,1,22406859.26
4523,4,1,Chennai,22,1,0,0,0,1,1,2,32365313.39
2860,4,4,Mumbai,36,1,1,1,1,1,2,1,41916775.53
1468,5,4,Pune,25,0,0,0,1,0,1,0,11859921.93
775,5,2,Delhi,23,1,0,0,1,1,1,1,13188935.34
4903,2,2,Kolkata,7,1,0,1,0,1,0,2,24169555.48
2974,2,2,Kolkata,17,1,1,0,0,1,1,2,16702365.11
1827,5,1,Hyderabad,25,1,0,1,0,1,2,2,16635747.54
3730,1,1,Hyderabad,10,1,1,0,1,1,2,2,30772378.26
1321,1,1,Pune,20,1,0,0,1,0,1,1,9612150.04
3838,3,2,Mumbai,13,1,1,0,1,1,1,0,51599127.89
4899,5,4,Delhi,35,1,1,1,1,1,0,1,51424602.07
4931,5,4,Kolkata,14,0,1,0,1,0,0,1,25554213.69
2192,4,3,Bangalore,7,1,1,1,0,1,0,1,25633063.81
3679,2,1,Kolkata,12,0,0,1,0,1,1,0,18474685.2
3438,5,5,Hyderabad,21,1,1,1,0,0,2,2,31057666.3
3725,3,1,Mumbai,3,0,1,0,1,0,1,1,49562450.79
3679,2,1,Bangalore,20,0,0,1,1,1,1,1,33824810.36
940,1,1,Hyderabad,1,0,1,1,0,1,2,0,11891304.42
1741,2,2,Chennai,38,1,0,1,1,1,1,1,13438373.3
1207,5,1,Kolkata,1,1,0,1,0,1,1,1,8952872.38
3274,4,2,Delhi,37,1,1,0,0,1,2,1,34671459.27
3874,1,1,Kolkata,15,1,1,1,0,0,2,1,20026400.55
2040,4,4,Bangalore,0,1,1,1,0,1,0,2,25922909.71
2023,2,1,Pune,13,0,0,0,0,0,1,1,13379186.49
3767,2,1,Delhi,5,1,1,1,1,0,2,0,42409597.2
2326,2,2,Delhi,13,1,1,0,0,1,0,2,27048090.58
2485,1,1,Delhi,32,1,1,1,1,0,1,1,27060440.5
3029,5,2,Mumbai,3,0,1,0,1,1,1,1,44356582.3
3219,5,3,Pune,1,1,0,0,1,1,0,2,24284106.22
2450,1,1,Hyderabad,22,0,0,0,0,0,1,0,17442786.99
2648,4,4,Mumbai,28,1,1,0,0,1,1,1,38166523.01
2639,5,5,Kolkata,21,1,0,0,0,1,1,2,15604268.67
2509,2,1,Hyderabad,20,0,0,0,0,0,1,1,17913951.54
3057,4,2,Kolkata,17,1,0,0,0,1,2,2,16371963.63
1071,5,1,Mumbai,9,1,0,1,1,1,1,1,22818702.34
578,1,1,Mumbai,22,1,0,1,1,1,0,0,11319839.22
3211,1,1,Bangalore,4,1,0,0,1,1,2,2,31141440.15
4062,2,1,Bangalore,4,1,1,0,0,0,2,1,39145765.55
3493,3,1,Delhi,35,1,1,1,1,0,2,2,38192579.44
1269,5,5,Chennai,31,1,1,1,0,0,2,1,13422295.4
4197,4,2,Chennai,19,0,0,1,1,0,2,2,29727921.71
1756,2,1,Mumbai,12,0,1,1,1,0,0,1,26840768.62
4368,5,2,Chennai,1,0,1,1,0,1,2,2,34903070.01
2968,5,1,Bangalore,2,0,1,1,1,1,2,1,32735565.98
1784,3,1,Mumbai,3,0,1,1,0,1,2,2,30185188.26
3637,1,1,Bangalore,12,1,1,1,1,1,0,2,36146616.37
4395,3,1,Bangalore,3,1,1,1,0,0,1,0,43360587.51
2952,2,2,Kolkata,3,0,0,0,1,1,2,0,16301130.46
3083,2,2,Pune,17,1,0,0,1,0,1,2,20528860.9
3474,4,4,Delhi,18,1,0,0,0,0,1,1,37060923.92
4793,4,4,Mumbai,26,1,1,1,1,1,1,1,65084629.03
2597,3,1,Delhi,29,1,0,0,0,1,1,1,26829800.05
1203,5,4,Delhi,5,1,0,1,1,1,0,0,19860649.58
4783,1,1,Pune,30,1,1,0,0,0,0,1,30243715.1
3971,2,1,Delhi,12,0,0,1,0,1,1,1,39892669.22
4500,3,3,Delhi,5,1,0,1,1,1,2,0,48018727.07
4760,2,1,Mumbai,17,0,1,0,0,0,2,2,58910473.66
924,1,1,Hyderabad,3,1,0,1,1,1,1,1,11756271.24
2133,2,1,Mumbai,9,0,1,1,1,1,1,2,33101159.06
843,4,3,Pune,9,1,1,0,0,1,1,2,10570362.13
1281,3,1,Chennai,39,1,1,0,0,1,2,1,10521640.46
2774,4,3,Chennai,24,1,0,0,0,0,0,1,20150593.39
2785,2,2,Kolkata,19,1,0,1,0,1,0,1,15449654.87
3700,5,4,Chennai,36,1,1,0,1,1,1,2,28552528.02
1169,5,2,Hyderabad,3,1,1,1,0,1,0,0,15143236.59
3569,5,3,Chennai,27,1,1,0,1,0,1,2,26603772.55
1654,4,4,Delhi,29,0,1,1,0,0,0,1,20682089.01
4933,2,1,Kolkata,22,1,0,1,0,1,1,0,23758980.1
1570,1,1,Chennai,19,0,1,0,1,1,1,1,13424839.69
1836,5,5,Kolkata,13,1,0,1,0,1,1,2,11981554.55
3159,5,3,Pune,18,1,0,0,0,1,2,1,22056134.58
4678,3,3,Mumbai,18,1,0,1,1,0,2,1,61311143.66
785,1,1,Mumbai,32,1,0,0,0,0,2,0,11500341.84
1487,2,1,Chennai,21,1,0,0,0,1,0,1,11171206.01
4440,3,1,Chennai,8,1,1,1,1,1,1,1,34080031.7
4159,1,1,Chennai,18,1,1,1,1,1,2,1,30478951.01
1078,4,2,Pune,23,1,1,0,1,0,1,1,10611380.79
4857,2,1,Chennai,7,0,1,0,0,1,1,1,35621333.68
2596,1,1,Hyderabad,7,0,0,0,1,1,1,1,20021501.27
2300,5,1,Pune,16,0,0,0,1,1,2,2,17025444.07
3739,4,3,Mumbai,11,1,1,0,1,0,2,2,52612301.61
673,5,1,Hyderabad,19,1,0,0,0,0,0,1,8002121.52
3202,1,1,Delhi,38,1,1,1,1,1,1,0,33156425.94
1270,4,2,Mumbai,26,1,1,1,1,1,1,1,23744522.96
1736,1,1,Kolkata,30,1,1,0,0,1,1,0,9410561.48
4520,2,2,Mumbai,33,1,1,0,1,0,2,0,56338786.15
4500,2,2,Chennai,27,1,0,1,0,0,0,2,31042544.58
1942,3,3,Chennai,30,1,1,0,1,1,2,1,16245511.31
2400,2,1,Mumbai,29,0,1,1,0,0,0,1,31695930.53
4134,2,2,Delhi,14,1,0,1,0,0,1,1,42513161.63
4672,3,3,Hyderabad,16,1,0,0,0,1,1,2,35739093.91
2890,3,3,Bangalore,33,0,0,0,0,0,2,1,26139710.84
1634,2,1,Hyderabad,35,1,1,1,1,1,1,1,14167137.98
3067,4,1,Hyderabad,16,1,1,0,1,1,1,1,25837985.33
2460,2,2,Chennai,5,0,1,1,0,1,1,1,20575836.15
2110,1,1,Pune,23,1,1,1,0,1,2,1,17103677.18
3319,5,3,Kolkata,8,0,0,1,0,0,1,1,17901227.84
1442,5,2,Hyderabad,31,1,0,1,1,1,1,2,15290634.83
4652,3,3,Pune,7,1,0,0,0,0,1,0,30420200.0
2267,5,4,Hyderabad,8,1,1,1,0,1,0,1,22614660.86
4155,3,2,Bangalore,12,1,0,1,1,0,0,1,39343240.66
1997,5,4,Delhi,33,0,1,1,0,1,1,1,25290709.02
3328,5,3,Hyderabad,18,1,0,1,1,1,1,2,28069370.8
1159,2,2,Chennai,27,0,0,0,1,0,2,2,8770169.72
4949,3,1,Delhi,11,1,0,0,1,1,1,2,50178887.59
2937,5,4,Delhi,28,1,1,0,1,1,1,2,34476823.05
3171,4,3,Pune,36,0,0,0,1,1,1,0,21015975.2
4488,3,1,Hyderabad,36,1,1,1,1,0,0,2,34124945.09
3087,1,1,Hyderabad,34,1,0,0,0,0,2,1,21957138.48
2578,2,2,Hyderabad,8,1,1,1,0,1,1,1,23514704.76
1439,5,4,Delhi,39,1,1,0,0,1,2,2,19199974.22
2600,2,2,Hyderabad,12,1,0,0,0,1,1,1,22281307.71
4766,1,1,Hyderabad,35,0,0,1,0,0,1,0,33312802.14
4366,5,2,Chennai,29,1,0,0,0,0,2,1,31273653.98
1472,4,3,Bangalore,8,1,1,1,0,0,0,2,20982700.45
988,5,2,Hyderabad,33,1,1,0,0,1,2,2,11554443.24
4371,4,2,Kolkata,16,0,0,0,1,1,1,0,22234850.45
3931,4,3,Hyderabad,30,1,0,0,1,0,1,2,30049326.24
2552,4,4,Mumbai,10,0,1,0,1,0,2,2,39035879.0
4145,2,2,Pune,9,0,1,0,1,1,2,2,27415416.99
2105,1,1,Chennai,15,1,1,0,1,1,1,1,17480624.69
1369,2,2,Delhi,5,0,1,1,1,1,1,2,20000256.55
3923,4,3,Pune,29,1,1,0,1,1,1,0,27483486.14
4119,5,4,Delhi,27,0,1,0,0,1,2,0,43352640.13
4447,5,5,Bangalore,9,1,0,1,1,1,1,1,44807633.69
1479,4,1,Bangalore,29,1,1,0,0,1,1,1,17529254.87
653,5,4,Delhi,22,1,0,0,0,0,2,1,11454584.38
3371,3,1,Hyderabad,34,1,1,0,0,1,2,1,26535247.78
1922,2,2,Chennai,28,0,0,0,0,1,1,1,13848088.99
2968,1,1,Bangalore,2,0,1,0,1,1,1,2,28068337.41
778,5,5,Hyderabad,30,0,1,0,0,1,0,2,10675405.6
3656,5,4,Kolkata,2,1,0,0,0,1,1,1,20897554.31
3249,5,1,Pune,26,0,0,0,1,1,1,2,22630074.1
3208,1,1,Pune,15,0,1,1,0,1,1,2,21482567.73
3464,5,1,Mumbai,0,1,0,1,0,0,0,0,48866467.43
3572,2,1,Pune,16,0,0,0,0,1,0,0,22824886.57
2730,1,1,Hyderabad,16,1,0,1,1,0,0,2,22448066.37
3373,1,1,Pune,13,1,0,0,1,1,1,1,21572874.52
1499,5,3,Pune,18,1,0,1,0,0,1,2,13186677.02
4908,5,3,Bangalore,15,1,1,0,0,0,0,1,46321549.47
3668,5,1,Pune,27,1,0,1,0,1,1,1,24587737.35
4561,4,1,Delhi,12,1,1,0,1,1,1,2,49161236.55
1915,2,2,Mumbai,28,1,0,0,1,1,0,1,25709703.27
4302,1,1,Mumbai,11,0,1,0,1,1,1,2,55040344.9
2018,4,3,Bangalore,19,1,1,1,0,0,2,1,23282439.45
4668,1,1,Delhi,31,1,0,0,1,1,2,0,44787738.14
1771,4,2,Bangalore,29,1,1,0,1,0,1,2,20095394.61
3644,5,2,Chennai,31,1,1,0,0,1,0,2,27161463.7
4176,3,1,Kolkata,26,0,1,1,1,0,2,0,22005023.59
3304,4,3,Mumbai,32,0,0,0,0,1,2,2,41629973.38
2173,2,2,Kolkata,18,1,0,1,0,1,1,2,12648202.25
993,2,1,Bangalore,8,0,1,0,1,1,2,0,13233102.44
4958,3,2,Delhi,39,1,1,1,0,1,1,1,50703308.51
4851,5,3,Mumbai,23,1,0,1,0,1,1,1,63595102.2
3168,4,3,Kolkata,34,1,0,1,0,1,1,2,16486570.11
4427,1,1,Delhi,31,1,1,1,0,0,1,1,43805651.12
3177,5,2,Mumbai,22,1,1,1,0,1,0,2,46507809.26
4129,4,3,Hyderabad,22,1,1,1,1,1,1,1,33901615.57
998,2,2,Delhi,35,0,0,0,0,0,1,1,9090647.63
2910,5,1,Pune,32,1,1,1,1,0,1,1,21802410.59
704,1,1,Kolkata,28,1,1,0,0,1,1,2,5580135.07
1320,1,1,Kolkata,16,1,1,0,1,0,2,2,9197708.51
1004,1,1,Mumbai,6,1,0,1,1,1,0,1,19081688.96
2982,2,2,Delhi,7,1,0,0,1,0,1,0,32638039.48
1031,5,3,Kolkata,28,1,0,1,1,1,1,1,7943548.78
3693,3,3,Bangalore,29,0,1,0,0,1,2,1,35021598.45
2353,2,2,Hyderabad,16,0,0,1,0,1,1,1,19465073.99
2948,3,1,Delhi,25,1,1,1,0,1,2,1,32916843.76
1454,2,2,Hyderabad,29,1,1,0,0,1,1,2,12910472.26
883,1,1,Delhi,2,1,1,0,0,0,1,1,13084035.14
1474,4,4,Kolkata,22,1,1,1,1,0,1,1,11291937.4
1593,5,5,Pune,31,0,1,0,1,0,2,2,14269420.47
4825,2,2,Hyderabad,7,0,1,0,0,1,1,2,36922620.12
3005,3,1,Hyderabad,26,0,0,0,0,0,1,2,21102730.55
3350,2,1,Hyderabad,31,1,0,0,0,1,1,1,24732766.8
3084,4,1,Bangalore,28,1,1,1,0,0,1,2,30727159.51
3762,3,1,Hyderabad,20,1,1,1,1,1,0,1,31073740.7
3726,2,2,Delhi,22,1,1,0,1,1,0,1,39509143.46
2178,4,2,Mumbai,21,1,1,1,0,1,0,1,34177115.97
1819,4,2,Kolkata,37,1,1,0,0,1,1,2,11663237.85
3721,4,4,Bangalore,28,1,0,1,1,1,1,1,37136609.86
1454,3,1,Hyderabad,22,0,1,1,0,1,1,2,14835748.28
4356,2,2,Pune,28,0,0,0,0,0,1,1,26527543.18
3655,3,1,Delhi,39,0,0,0,0,1,1,0,33670641.72
1136,5,4,Chennai,36,0,1,1,0,1,1,0,12252017.17
4606,4,2,Kolkata,31,0,1,1,0,0,0,1,23196631.28
1490,2,1,Kolkata,33,1,1,0,1,1,2,1,9572923.65
2026,5,1,Kolkata,31,1,0,0,0,1,1,1,11004775.65
4643,2,2,Bangalore,38,1,1,0,0,1,0,1,41186212.62
2381,4,4,Mumbai,38,1,1,0,0,1,0,2,32499308.94
2794,1,1,Pune,5,1,1,0,0,1,2,2,20442711.61
807,1,1,Pune,30,0,1,0,0,0,2,2,7087959.57
3479,1,1,Pune,0,1,0,0,1,0,1,1,24011595.47
1634,3,1,Delhi,38,0,1,1,1,1,1,2,19519339.42
1617,2,1,Pune,20,1,0,1,0,1,1,2,12948103.68
2931,4,2,Hyderabad,32,1,1,1,1,1,1,1,26025199.96
3451,3,2,Mumbai,11,1,1,0,1,0,2,1,48102600.48
2248,5,2,Hyderabad,37,0,1,0,1,0,1,0,18669876.24
1370,4,3,Bangalore,16,1,0,0,1,1,1,1,17073120.2
4247,2,1,Mumbai,31,1,0,0,1,0,0,1,50663327.46
4505,4,3,Chennai,8,0,1,0,0,1,2,1,33816350.37
3549,1,1,Pune,25,1,0,0,0,0,2,2,22940075.09
2898,2,2,Chennai,11,1,0,1,0,0,0,1,21910370.41
1127,5,5,Mumbai,32,0,1,1,0,1,1,1,21252411.93
1826,4,3,Bangalore,17,0,1,0,1,1,1,2,20662801.0
4798,5,5,Kolkata,36,0,1,0,0,1,2,0,24802670.97
4506,2,1,Chennai,7,0,1,1,1,0,2,1,34398182.95
2087,1,1,Kolkata,11,1,0,1,1,0,1,2,11964834.83
2528,1,1,Bangalore,16,1,0,1,0,1,1,1,24600120.64
4080,3,1,Hyderabad,30,1,1,0,1,1,1,0,30120836.32
3118,2,2,Pune,3,1,1,0,0,0,1,2,22461175.79
2966,1,1,Chennai,34,1,1,0,1,1,1,1,21043191.57
3712,2,2,Chennai,13,0,0,0,1,0,2,1,26111202.35
1807,5,2,Delhi,30,0,0,1,0,0,2,0,19734933.85
3884,3,2,Hyderabad,9,1,0,1,0,1,2,2,31360403.28
2475,2,1,Pune,3,1,1,0,0,1,1,2,19197716.86
3677,3,3,Kolkata,16,1,0,0,0,1,2,1,19221300.68
4551,3,1,Mumbai,2,1,0,0,0,0,0,0,57350488.94
4625,1,1,Chennai,27,0,1,0,1,1,1,1,31992086.85
2460,1,1,Kolkata,13,0,0,0,0,1,2,1,12067554.04
1477,3,3,Delhi,15,1,0,0,1,0,2,1,18708945.86
575,4,1,Delhi,3,1,1,0,1,0,2,1,13359890.72
640,3,1,Chennai,16,0,1,1,0,1,1,2,8616964.63
4234,2,1,Pune,36,1,1,1,1,0,1,1,28003862.59
1687,2,2,Mumbai,31,1,0,0,0,1,0,2,22786626.37
3081,4,4,Hyderabad,35,0,0,1,1,1,0,1,24705663.36
2477,4,1,Pune,33,0,1,0,0,0,1,2,18001084.81
2962,3,3,Hyderabad,31,1,1,0,0,1,2,1,24361087.77
1386,5,4,Mumbai,6,0,1,0,1,1,1,1,27180222.43
1631,3,2,Delhi,10,1,1,1,0,1,1,2,23546811.0
4367,1,1,Pune,31,0,1,0,1,1,1,0,28257849.45
684,4,2,Hyderabad,26,1,0,0,1,0,1,0,7899191.27
4655,2,1,Chennai,35,0,0,1,1,0,2,1,31055646.89
779,5,2,Hyderabad,13,1,0,1,1,0,2,2,11923811.57
3276,1,1,Hyderabad,35,1,1,0,1,0,2,1,25088937.89
4314,4,4,Bangalore,16,1,1,0,0,0,2,2,41763305.28
1115,3,2,Chennai,14,1,0,0,1,0,0,2,10808066.68
2838,5,1,Hyderabad,28,0,1,0,1,0,1,0,22667633.05
4578,3,1,Bangalore,25,0,1,0,0,1,1,1,40717780.56
4603,5,3,Chennai,32,1,0,0,1,1,2,2,34079494.06
670,5,5,Hyderabad,21,1,1,1,0,0,1,1,11422343.16
1549,3,1,Bangalore,27,1,1,1,1,1,0,0,18406999.18
3846,4,2,Delhi,27,1,1,0,1,0,1,1,40724196.75
2393,4,3,Mumbai,36,0,0,0,1,1,1,2,32259197.37
3070,4,2,Pune,22,1,0,0,0,1,1,0,20724977.33
2881,3,2,Pune,27,1,1,0,0,0,2,1,21090588.64
743,2,2,Pune,22,1,1,0,0,0,1,1,6972660.58
1172,1,1,Delhi,33,0,1,1,0,0,1,0,13183280.43
1255,3,3,Chennai,26,1,0,0,1,1,2,1,11289423.74
4122,2,2,Hyderabad,38,1,0,0,1,1,1,1,30146393.9
941,2,1,Kolkata,25,0,1,0,0,1,1,2,5625797.49
2580,2,1,Mumbai,11,1,0,1,0,1,1,0,36770776.65
671,2,1,Hyderabad,6,1,0,0,0,0,2,2,7863219.35
3767,1,1,Delhi,33,1,1,1,1,1,1,1,38928891.93
723,4,3,Chennai,8,0,1,1,1,0,2,1,11143296.91
4354,5,3,Delhi,2,0,0,0,0,0,1,1,46230384.83
4770,4,3,Chennai,20,0,1,0,1,0,1,0,34132849.64
2562,2,1,Kolkata,21,1,1,0,1,1,1,0,14183300.22
2017,1,1,Delhi,35,1,1,1,1,0,1,1,22512560.75
4015,1,1,Delhi,27,1,1,0,0,0,1,1,40300097.6
3153,5,5,Kolkata,4,0,0,1,1,1,1,2,19270963.58
3682,1,1,Kolkata,10,1,0,1,1,1,1,2,19857323.97
3846,2,2,Pune,27,1,1,1,1,1,0,2,27446343.74
626,3,2,Delhi,12,1,1,0,1,1,2,0,13488282.94
2267,5,1,Delhi,0,1,0,1,1,1,2,1,30618290.99
3796,5,1,Kolkata,38,1,1,0,1,0,1,2,19021302.92
4840,5,1,Mumbai,30,0,1,0,0,0,2,0,60416874.61
2485,1,1,Chennai,5,1,0,0,0,0,0,1,17800824.0
1558,1,1,Hyderabad,35,0,1,0,1,0,1,2,13005642.05
3388,1,1,Mumbai,18,0,0,1,0,1,1,1,42520118.52
2540,4,2,Delhi,23,1,1,0,1,1,2,2,29954808.15
3832,4,3,Kolkata,17,1,1,0,1,0,0,2,20798260.02
1640,3,3,Pune,36,0,1,0,1,0,2,2,12504332.29
2281,4,3,Delhi,38,1,1,1,0,1,2,2,27481345.14
3584,2,1,Mumbai,27,0,1,0,0,1,2,1,45153464.75
1990,1,1,Bangalore,3,1,0,1,0,1,1,0,21236242.0
4827,3,2,Pune,27,1,1,0,1,1,2,1,32388110.55
1413,5,1,Pune,16,1,0,0,0,0,0,0,10970109.38
1707,3,3,Pune,19,0,1,1,1,1,0,2,14676333.78
878,3,2,Bangalore,39,1,1,0,0,0,2,2,10370201.55
882,1,1,Hyderabad,34,1,1,1,1,1,1,2,10625755.88
3439,4,3,Hyderabad,17,1,1,0,1,1,1,1,29711512.32
2451,4,1,Hyderabad,12,1,0,0,0,1,1,2,20454417.69
4275,5,1,Kolkata,37,0,0,0,0,1,1,1,21158196.17
3181,1,1,Hyderabad,16,0,0,1,1,1,1,2,24522258.97
4231,3,1,Hyderabad,36,0,1,0,0,1,2,2,31333959.74
1012,4,4,Mumbai,17,0,1,1,0,1,2,0,21365803.9
3421,1,1,Delhi,12,0,1,1,1,1,2,2,37341546.72
1325,4,3,Delhi,6,1,1,1,0,1,2,2,22142387.98
2320,5,2,Bangalore,13,1,0,1,0,0,2,0,25419799.0
582,1,1,Kolkata,34,1,1,1,1,1,1,2,4610797.61
2659,2,1,Pune,16,1,1,1,1,1,1,1,21155064.09
560,2,2,Chennai,27,1,1,1,1,1,0,1,7853638.91
1504,4,2,Kolkata,13,1,1,1,0,1,2,2,12191843.73
3048,2,2,Kolkata,18,1,1,0,0,1,2,1,16241021.02
1047,5,3,Kolkata,4,0,1,0,1,0,2,1,8523413.33
3228,3,2,Delhi,31,1,1,1,1,1,2,2,36595780.15
4821,4,1,Delhi,16,1,1,1,1,1,1,1,52289757.16
2734,2,2,Pune,1,1,1,0,0,1,0,1,21097557.65
2621,1,1,Bangalore,36,1,0,0,1,0,1,1,22420786.3
1841,1,1,Chennai,3,1,0,1,0,1,1,2,16339418.96
1412,2,2,Delhi,19,1,0,0,1,0,2,2,17883007.91
3776,3,3,Mumbai,27,0,1,1,0,0,2,1,49976502.36
3702,2,1,Hyderabad,18,1,1,1,0,1,2,1,30785227.26
1652,1,1,Hyderabad,24,1,1,0,1,0,1,1,14731274.55
1857,3,2,Mumbai,25,1,1,0,0,0,1,1,28004825.84
1663,2,2,Mumbai,32,1,0,0,0,0,0,0,21185931.85
1602,5,1,Mumbai,1,0,1,1,1,1,2,1,31022252.45
2496,4,2,Pune,17,1,1,0,0,1,2,1,18680211.3
1315,3,1,Bangalore,10,0,1,1,1,0,0,1,17605031.22
3838,2,2,Mumbai,34,1,0,1,0,0,1,2,47613253.65
1462,3,1,Mumbai,11,0,0,1,1,1,1,0,23630324.29
4987,5,3,Pune,10,1,1,0,1,0,1,1,34645949.44
1635,4,1,Chennai,11,1,1,1,1,0,0,2,15493037.86
1769,5,4,Delhi,21,1,1,0,1,1,1,0,23920466.5
569,5,1,Hyderabad,38,1,1,0,0,1,1,1,8453444.74
4365,1,1,Delhi,10,1,1,0,0,1,1,2,44999395.41
2776,2,2,Delhi,34,1,0,1,0,1,2,1,29077006.69
1442,5,1,Mumbai,3,1,1,0,0,0,0,0,26377796.17
2427,2,1,Delhi,4,0,0,0,0,1,0,2,25962744.73
3136,5,4,Delhi,1,0,0,1,0,0,2,2,37123824.55
3544,5,5,Kolkata,10,1,1,0,0,0,2,2,20153383.77
2376,1,1,Chennai,3,0,1,0,0,1,0,2,19065792.89
3182,5,4,Hyderabad,39,1,0,0,0,1,2,0,25433292.44
4879,3,1,Pune,33,1,1,1,1,0,2,1,32547050.74
4666,1,1,Mumbai,7,1,1,0,0,0,1,1,58739573.22
1943,5,3,Delhi,8,1,0,1,0,0,2,1,25032345.15
933,4,2,Mumbai,15,0,0,0,0,0,1,0,15975145.81
1418,4,1,Kolkata,8,1,0,1,0,1,1,2,10134801.68
4522,1,1,Bangalore,25,1,1,1,0,1,1,2,41230808.66
1253,4,1,Mumbai,11,1,1,1,0,1,1,0,24468015.1
664,5,1,Chennai,36,1,0,0,0,0,2,1,6404517.62
1045,2,1,Chennai,9,1,0,0,0,0,1,2,9419663.01
1716,4,1,Hyderabad,38,1,1,0,0,0,0,1,14397304.07
4055,2,1,Bangalore,12,1,1,0,1,1,1,2,39237798.5
4525,3,1,Mumbai,27,1,1,0,0,0,2,0,55957818.07
4614,1,1,Hyderabad,0,1,1,0,0,1,1,0,36171796.17
3231,5,2,Chennai,20,1,1,0,0,0,2,2,25624627.74
1202,2,2,Pune,19,1,0,0,1,1,1,2,10369242.2
3310,1,1,Pune,38,1,0,1,1,1,1,1,22182908.92
2461,1,1,Delhi,18,1,0,1,0,0,1,1,26258852.8
2447,4,1,Kolkata,34,1,0,1,0,0,1,1,11609267.8
1178,1,1,Pune,28,0,1,1,1,0,0,1,9657007.75
2542,1,1,Mumbai,7,1,1,0,0,1,2,1,36367948.53
3730,4,1,Pune,37,0,1,0,1,0,2,2,23617734.11
1881,4,4,Delhi,38,1,1,0,1,0,1,2,22639453.63
1209,2,2,Kolkata,33,1,0,1,0,0,0,2,7192117.98
1008,4,1,Bangalore,16,1,1,0,0,0,1,1,13347739.08
4872,4,4,Bangalore,34,1,0,0,0,0,1,2,43684913.96
1313,5,3,Chennai,5,1,0,0,1,0,1,1,14255237.41
1630,3,3,Kolkata,11,1,1,1,0,1,1,2,12115106.75
4457,5,3,Mumbai,2,0,1,1,0,1,2,1,62617408.43
1593,1,1,Hyderabad,31,1,0,0,1,0,1,1,12030500.49
1593,2,2,Kolkata,21,1,1,0,0,1,1,2,10326508.67
4326,2,1,Pune,17,0,0,0,0,1,1,1,26852640.32
3946,4,1,Hyderabad,38,1,1,0,0,0,1,0,29217360.43
1487,2,1,Kolkata,14,1,1,0,1,1,0,1,8975164.36
4624,4,3,Pune,32,1,0,0,0,0,0,0,29636562.45
3158,3,3,Kolkata,27,1,1,0,0,0,2,2,17340444.88
1080,1,1,Delhi,1,1,1,1,0,0,2,1,17739468.38
3552,2,2,Hyderabad,25,1,0,1,0,1,2,2,28066251.29
3294,5,2,Kolkata,26,1,0,0,1,1,1,1,17566749.32
1104,1,1,Mumbai,14,1,1,1,1,0,1,2,21384474.2
4315,5,4,Mumbai,37,0,1,0,0,1,2,1,56021879.02
1744,5,2,Kolkata,6,1,0,1,0,1,1,0,11647974.27
1447,1,1,Delhi,2,1,0,1,0,1,2,2,19746505.18
4532,1,1,Chennai,0,0,1,0,1,1,1,2,32959609.43
3392,1,1,Hyderabad,23,0,1,0,1,0,1,1,25681931.17
3252,2,1,Bangalore,3,1,1,1,0,0,1,1,32739717.3
4854,4,3,Bangalore,25,0,1,0,1,0,1,2,44763836.2
1046,4,1,Chennai,24,1,1,0,0,1,2,2,10381071.3
2615,4,4,Chennai,17,1,1,0,1,1,1,1,22327946.6
600,2,2,Chennai,13,1,1,1,0,1,0,2,8614509.1
4165,4,4,Hyderabad,28,1,1,0,1,1,2,1,33998855.94
4567,4,2,Mumbai,8,0,0,0,0,0,2,2,58420907.08
2629,2,1,Chennai,38,0,1,0,1,0,0,2,18638629.66
960,4,3,Mumbai,13,1,0,0,1,1,2,1,19389679.78
1555,1,1,Delhi,2,0,0,1,0,0,1,2,18106518.94
3222,1,1,Hyderabad,1,0,0,0,1,1,1,2,26108771.95
1629,4,2,Delhi,24,1,1,0,1,0,0,2,20864223.56
3357,4,1,Chennai,35,1,1,0,0,0,0,2,24614097.89
2513,2,1,Bangalore,29,1,0,1,1,1,1,2,24523231.97
2419,2,2,Pune,28,1,1,0,1,0,2,1,17376325.14
2653,4,1,Chennai,4,1,1,1,0,1,0,2,23048669.55
1252,2,1,Mumbai,5,1,1,1,1,1,0,1,25160817.89
3757,2,1,Hyderabad,11,1,1,0,0,0,1,1,29214057.69
3623,2,1,Kolkata,12,1,1,0,0,0,2,1,19547282.18
2870,2,1,Mumbai,8,0,1,0,1,1,1,2,39325462.93
1929,4,3,Bangalore,28,0,0,0,0,0,2,2,18650564.03
1269,2,2,Bangalore,30,1,0,0,1,1,0,2,12842467.0
1928,3,2,Kolkata,5,1,0,0,1,1,1,1,11253397.37
3819,5,1,Kolkata,20,1,0,0,1,1,1,0,20396913.45
4696,5,2,Kolkata,4,1,1,1,1,1,0,2,26487899.58
953,1,1,Delhi,2,1,0,1,1,0,2,1,15073676.39
2934,4,1,Hyderabad,19,1,1,1,0,1,1,0,25028948.55
1050,1,1,Chennai,31,1,0,0,0,0,1,2,7879912.16
4809,1,1,Mumbai,9,1,0,1,1,0,1,1,61147966.88
4234,5,1,Delhi,32,1,1,0,1,1,1,2,42968494.68
2273,1,1,Kolkata,38,1,1,1,1,1,2,2,12319536.45
1095,1,1,Delhi,3,1,1,0,1,0,1,1,16622316.43
3350,1,1,Pune,20,1,0,0,0,1,2,1,21862061.83
4854,4,2,Chennai,38,1,1,0,1,0,2,1,34189411.68
3165,1,1,Delhi,13,1,0,0,1,1,1,2,33318596.53
4449,2,1,Delhi,25,1,1,0,1,1,1,0,45590076.51
4067,4,2,Mumbai,22,0,1,1,0,1,0,1,53563844.28
4866,4,4,Chennai,21,1,1,1,0,0,0,2,36044878.95
4481,2,1,Delhi,8,1,1,0,0,0,0,0,45968680.48
3742,3,2,Hyderabad,20,0,0,0,0,0,1,1,27316379.86
2773,3,1,Bangalore,1,1,1,0,0,1,0,2,29286755.48
3833,3,2,Pune,23,1,1,1,1,1,0,1,26955688.89
3547,4,3,Chennai,22,1,1,0,1,1,1,1,27846083.35
2827,2,2,Chennai,7,0,1,0,0,1,1,0,21427187.76
3023,5,2,Chennai,37,1,1,0,1,1,1,1,23999014.21
4845,4,3,Delhi,10,1,0,1,0,0,2,1,50606906.56
733,1,1,Hyderabad,13,0,1,0,0,0,1,1,7644348.24
783,5,3,Kolkata,13,0,0,1,0,1,2,1,7664841.57
3829,1,1,Pune,1,1,1,1,1,1,1,2,27159614.64
1248,3,3,Kolkata,0,1,0,0,1,1,2,1,9356625.84
4167,2,1,Kolkata,2,1,0,1,0,1,1,1,21486594.08
1825,5,3,Mumbai,27,1,1,1,0,1,1,1,30924637.06
904,2,1,Hyderabad,4,0,1,0,1,0,0,1,10228397.36
732,3,3,Mumbai,11,1,0,1,0,0,1,0,16120473.22
1297,4,4,Pune,34,1,1,1,0,0,1,2,11701471.57
4141,5,3,Mumbai,38,1,0,0,1,1,1,1,52788912.5
844,4,1,Chennai,1,1,1,0,0,0,1,2,11116273.63
2236,3,1,Chennai,12,1,1,1,0,0,0,2,19522974.2
921,3,2,Kolkata,38,0,1,0,0,1,1,2,6041624.16
4238,4,2,Pune,28,1,1,1,1,0,1,1,29143922.44
3903,1,1,Chennai,14,0,1,0,1,1,1,2,28353462.0
4711,3,2,Bangalore,37,1,0,1,0,1,1,1,41310613.85
1343,5,4,Mumbai,5,1,1,0,0,1,1,0,27283542.63
3335,3,2,Bangalore,38,0,1,1,0,0,1,0,31789693.8
3248,3,3,Pune,37,1,1,1,1,1,1,2,23410351.86
3679,3,3,Hyderabad,35,1,0,0,1,1,1,2,28347105.97
2310,3,2,Chennai,18,1,0,0,0,1,0,1,18740647.77
3709,1,1,Hyderabad,35,1,1,0,0,1,2,2,27705908.35
2263,4,1,Chennai,12,1,1,0,1,1,2,1,19724607.88
3456,2,1,Pune,14,1,1,1,0,1,1,2,25295638.12
4185,5,5,Kolkata,1,0,0,0,0,1,2,1,23334342.82
858,2,1,Bangalore,3,0,1,1,0,1,0,1,12395974.11
4734,1,1,Chennai,0,1,1,0,1,1,1,0,34658770.34
3479,5,2,Hyderabad,16,1,0,0,0,0,1,1,27107456.01
2708,4,1,Kolkata,20,1,1,0,0,1,1,2,14509490.76
1602,4,2,Delhi,17,1,0,1,0,0,1,1,21072648.61
2129,3,3,Mumbai,13,0,1,1,0,1,2,1,34339416.36
4797,2,1,Mumbai,5,1,1,0,0,1,0,2,63124550.69
4539,3,2,Mumbai,5,1,1,1,0,1,1,1,62256871.15
2087,1,1,Kolkata,12,1,1,0,1,1,0,1,12566936.39
4793,3,3,Kolkata,10,1,1,1,1,1,0,2,26495715.51
4188,2,2,Chennai,19,1,0,0,0,0,1,1,29530670.37
2696,4,3,Kolkata,11,1,0,0,0,1,1,0,14842490.29
810,5,5,Kolkata,23,1,0,0,1,1,0,1,5892143.63
2447,5,3,Delhi,2,0,1,0,1,1,1,2,31681882.7
4980,5,2,Bangalore,1,1,0,0,0,1,2,2,47178928.56
4763,5,4,Chennai,8,0,1,1,1,1,0,1,36457600.65
3011,5,1,Kolkata,36,1,1,0,1,1,0,1,16307891.56
1605,3,1,Chennai,9,1,0,0,1,0,1,2,14606295.34
1990,1,1,Mumbai,27,1,1,1,1,1,2,2,29722154.79
3786,4,1,Mumbai,26,1,1,1,0,0,0,1,50511771.51
4764,5,2,Kolkata,13,1,1,0,0,1,2,0,26112765.36
1624,5,2,Pune,9,0,0,0,1,0,2,2,13935986.61
4705,1,1,Mumbai,33,1,0,0,0,1,1,1,55860214.28
2670,1,1,Bangalore,8,1,0,0,1,0,0,2,25986806.79
3864,1,1,Mumbai,3,1,1,0,1,1,2,2,52181661.16
2067,2,2,Pune,11,1,0,1,0,0,2,1,16312001.78
1662,5,3,Bangalore,19,1,1,1,1,1,1,2,22320988.15
3255,2,1,Pune,38,1,1,0,0,1,1,2,20334612.85
3916,3,3,Kolkata,25,0,0,1,0,0,0,1,20381046.01
3029,3,1,Pune,1,0,1,1,0,0,0,1,22082759.69
2685,3,2,Pune,37,0,1,0,1,1,1,2,18384356.06
2349,2,2,Kolkata,17,1,0,0,0,1,1,0,13385961.57
4823,1,1,Mumbai,13,1,1,0,1,0,1,1,60801162.36
3231,4,4,Bangalore,26,0,1,1,0,1,1,2,32177980.9
4185,2,1,Delhi,38,1,0,1,0,0,2,1,40943616.9
641,5,4,Mumbai,14,1,1,0,0,1,0,2,17669806.64
2811,4,3,Bangalore,11,1,1,0,0,0,1,1,29500391.81
2241,1,1,Kolkata,14,1,0,1,0,1,1,1,12949978.32
2225,1,1,Kolkata,23,0,0,0,1,1,2,1,10736889.99
4576,4,1,Pune,14,1,1,0,1,1,1,2,30508715.34
1230,1,1,Kolkata,26,1,0,1,0,0,2,0,6562315.18
4636,2,2,Mumbai,22,1,1,0,0,0,2,1,59055880.28
3973,3,1,Mumbai,12,1,1,0,1,0,0,2,53269916.34
1888,4,3,Mumbai,11,1,1,0,1,0,1,1,30676057.03
4721,2,2,Mumbai,24,1,1,1,0,1,2,1,60487525.53
788,2,2,Pune,0,1,1,0,0,1,1,1,9360777.05
4667,2,2,Kolkata,26,1,1,0,0,1,1,2,23648705.1
1715,4,3,Kolkata,12,1,1,0,1,1,1,0,12379437.33
1575,4,1,Chennai,16,0,0,0,1,1,1,2,13278950.82
4067,5,4,Mumbai,29,0,0,1,0,1,1,1,52016867.48
591,5,5,Kolkata,39,1,1,0,0,0,1,1,5717070.48
529,2,1,Delhi,8,1,1,1,1,1,1,0,12747900.58
1686,5,5,Mumbai,32,1,1,0,0,1,1,1,28665841.15
1365,2,2,Mumbai,27,1,1,1,1,0,2,1,23030508.03
4608,3,3,Hyderabad,18,1,0,0,1,1,1,1,35176950.33
2877,1,1,Chennai,30,1,0,0,0,1,0,2,18986605.33
1370,3,3,Mumbai,3,0,1,1,1,0,0,1,25499199.11
2758,4,2,Kolkata,38,1,0,0,1,0,1,1,13792020.72
2791,3,3,Mumbai,14,0,0,0,1,1,2,0,37846266.15
4186,4,2,Mumbai,8,1,0,0,1,0,2,2,56148895.37
1125,3,1,Pune,37,0,1,0,0,0,1,2,8496008.1
2097,1,1,Bangalore,35,1,1,1,1,0,2,1,21532542.77
1067,5,3,Pune,13,1,1,0,0,0,0,0,10712619.25
756,1,1,Hyderabad,32,1,0,0,1,0,1,1,7472817.21
4651,1,1,Mumbai,11,1,0,0,0,0,2,1,55814001.07
4412,1,1,Delhi,35,1,1,0,0,1,1,1,42603341.69
545,2,1,Hyderabad,32,1,0,0,1,0,1,1,4774713.63
4390,3,2,Hyderabad,9,1,0,0,1,1,0,0,35324247.81
3105,5,2,Hyderabad,15,0,0,1,1,1,1,2,27766742.95
4310,1,1,Pune,37,1,1,1,0,0,1,1,26358108.92
4460,4,3,Delhi,16,1,0,1,1,1,1,2,46887894.03
958,5,3,Hyderabad,1,1,0,0,0,0,0,1,11760995.39
1798,1,1,Hyderabad,18,1,0,1,1,1,1,0,16592128.69
1649,4,1,Hyderabad,15,0,1,1,0,0,1,1,15607612.18
1464,3,3,Pune,35,1,0,0,0,1,1,1,11317349.19
4519,3,1,Bangalore,31,1,0,1,0,1,1,1,39819997.56
2486,2,1,Mumbai,22,0,1,0,0,0,2,1,32342575.89
1488,2,2,Hyderabad,3,1,1,1,1,1,2,1,16555502.81
2258,5,2,Hyderabad,34,1,1,0,0,1,2,1,19662776.7
4739,1,1,Chennai,12,1,1,1,1,0,1,1,34600886.74
1364,5,4,Kolkata,9,0,1,0,0,0,2,0,9602081.41
566,5,4,Delhi,6,0,0,0,1,1,0,0,12514083.49
3003,4,4,Hyderabad,33,1,0,1,0,1,1,2,24114706.97
2208,2,1,Hyderabad,17,1,0,0,1,0,1,1,18032321.41
1027,2,2,Bangalore,2,1,0,1,0,0,1,2,14275970.47
4762,4,4,Hyderabad,36,1,0,0,1,1,0,0,34860607.53
4684,4,2,Chennai,19,1,1,0,1,1,1,1,34706643.97
2163,2,2,Pune,23,0,1,0,0,0,1,2,14565794.56
4761,4,2,Mumbai,33,1,1,0,1,0,0,1,60412831.8
596,3,1,Chennai,21,0,0,0,1,1,2,1,6601389.76
4799,1,1,Mumbai,4,1,1,0,1,0,0,2,62208111.81
1189,5,1,Delhi,17,1,1,1,1,1,1,1,19089430.59
3731,3,1,Mumbai,15,0,1,1,0,1,0,2,50509479.39
2940,1,1,Chennai,17,1,1,0,1,0,2,2,21814687.3
1498,2,1,Kolkata,22,1,1,1,0,0,1,2,9260672.2
2471,2,2,Mumbai,21,1,1,1,0,0,2,1,36082464.6
4602,5,5,Pune,16,1,1,0,1,1,1,2,32964556.97
709,4,2,Bangalore,9,1,1,0,0,1,1,2,12462993.0
4432,2,1,Bangalore,37,1,1,1,0,1,1,0,40460201.27
2631,5,1,Chennai,4,1,1,0,0,0,1,2,22318932.4
4818,1,1,Bangalore,12,1,0,0,0,1,1,2,42667927.38
4614,1,1,Delhi,39,0,1,1,0,1,2,1,44605833.04
1275,4,3,Chennai,7,1,0,1,1,1,2,1,14503023.0
4818,3,2,Delhi,1,0,1,0,1,0,1,0,49896019.19
1940,2,1,Chennai,21,1,1,0,0,0,1,2,16318322.04
4012,5,5,Bangalore,21,0,0,0,0,0,2,2,37878379.62
4733,2,2,Hyderabad,7,0,1,0,0,0,2,1,35739948.13
943,1,1,Hyderabad,3,1,1,0,0,1,1,1,11814767.31
4594,5,1,Mumbai,12,1,0,1,0,1,2,1,62083406.97
4820,1,1,Delhi,30,1,0,1,1,1,1,1,46416313.64
1373,5,3,Kolkata,29,1,0,0,0,1,0,2,8744827.3
4596,3,1,Kolkata,21,1,0,1,1,1,0,1,23163470.23
1216,3,2,Kolkata,15,0,1,0,1,0,2,1,8626074.99
3392,1,1,Kolkata,30,0,0,1,0,1,0,1,15629256.69
634,2,2,Kolkata,6,1,1,0,1,1,1,2,7782869.63
3090,5,3,Chennai,15,1,1,0,1,1,1,0,24556257.77
3094,4,3,Hyderabad,37,1,0,1,1,0,1,2,25080101.38
802,3,2,Kolkata,10,1,0,0,0,1,0,0,5927213.35
2004,4,3,Chennai,31,0,0,0,1,0,1,0,15137622.58
1519,1,1,Kolkata,18,1,1,0,0,0,1,2,8850437.8
1412,1,1,Mumbai,29,1,1,1,0,0,0,2,21545455.99
4690,4,3,Delhi,29,0,1,0,0,1,2,0,47758966.44
4560,5,2,Kolkata,18,1,1,1,0,1,1,1,24926728.02
3136,5,5,Delhi,34,1,0,0,1,1,1,2,34616918.81
1618,1,1,Hyderabad,29,0,0,0,0,0,1,1,11850908.15
772,2,2,Hyderabad,22,1,1,0,1,0,2,1,10124843.15
3287,3,2,Hyderabad,7,1,1,0,1,1,2,2,27849193.14
3399,5,5,Pune,7,1,0,1,0,1,2,2,26082723.6
581,2,1,Bangalore,11,0,1,1,1,0,2,2,10807608.37
2025,1,1,Chennai,18,0,1,1,1,0,1,1,15453910.02
4681,4,3,Mumbai,22,0,1,0,1,0,0,1,59655348.77
1877,3,2,Kolkata,32,1,1,1,0,1,1,1,11778458.7
2250,3,1,Hyderabad,8,1,1,0,1,1,2,1,20712836.14
1744,2,1,Chennai,23,1,0,0,0,1,2,2,12913852.73
4155,3,3,Pune,9,0,1,1,1,1,1,2,29411558.01
565,1,1,Bangalore,18,0,1,0,1,0,1,1,8950276.02
928,3,2,Pune,35,0,1,1,1,0,1,0,8768543.02
1934,2,2,Pune,9,1,1,0,0,1,1,1,15554745.08
3568,4,4,Bangalore,31,1,0,1,0,1,2,2,34642747.81
1745,3,2,Mumbai,34,1,1,1,0,0,1,2,26247987.82
1531,1,1,Mumbai,20,0,1,0,0,0,1,2,20627508.54
3439,2,1,Hyderabad,5,1,0,0,0,0,1,1,26720750.76
3027,3,3,Bangalore,32,1,0,1,0,0,0,1,28135360.72
1775,4,1,Hyderabad,19,0,1,1,1,1,2,1,17434718.73
770,1,1,Hyderabad,25,1,0,0,1,1,1,1,7648634.04
3411,5,3,Pune,4,0,0,0,0,1,2,1,25164847.89
3864,5,5,Kolkata,2,1,1,1,1,0,1,1,23029894.89
1651,5,3,Kolkata,11,0,1,0,1,0,1,2,11731240.51
4205,3,3,Pune,28,1,1,1,1,1,1,0,29159940.32
4734,5,4,Delhi,12,1,1,0,1,0,1,2,52309523.21
3227,2,2,Delhi,38,1,1,0,0,1,2,2,33615178.89
3229,3,2,Kolkata,25,0,1,0,0,1,2,2,17407898.4
3367,1,1,Bangalore,23,0,1,0,1,0,2,2,31613977.54
2400,2,2,Pune,3,1,1,0,1,1,1,1,18989519.71
916,4,4,Kolkata,6,0,1,1,1,1,2,2,9609823.25
1977,3,1,Hyderabad,23,0,0,0,1,1,1,2,15894454.86
1082,3,1,Pune,28,1,0,1,1,0,0,1,8307006.21
4160,5,3,Delhi,22,1,0,0,1,0,1,0,44210470.74
3424,3,3,Kolkata,35,0,0,0,0,0,2,1,16988379.47
3533,5,4,Hyderabad,5,0,0,0,0,1,2,1,29097716.23
3149,4,3,Kolkata,7,1,1,0,1,0,1,0,18173808.85
2414,5,5,Bangalore,31,1,0,1,0,0,1,1,25112191.02
4982,4,4,Hyderabad,26,1,0,1,0,1,1,1,37966960.94
1906,3,3,Delhi,12,1,0,1,0,1,1,2,23858369.42
3099,1,1,Kolkata,13,1,0,0,1,0,0,1,15471891.09
4176,2,2,Hyderabad,32,1,0,0,0,0,1,1,29048450.41
4767,5,5,Bangalore,13,1,0,1,1,1,2,1,46938170.74
1972,1,1,Mumbai,2,1,0,0,1,0,2,0,27515773.5
3696,1,1,Hyderabad,20,1,1,1,0,0,1,1,28523848.06
1343,5,5,Hyderabad,5,0,1,1,1,0,1,2,16357541.05
3492,3,1,Kolkata,36,1,0,0,1,1,2,1,17931055.0
3578,4,2,Bangalore,15,1,0,0,0,1,0,2,34227818.41
2818,2,2,Hyderabad,15,0,1,1,1,0,2,2,24176528.94
4456,2,2,Kolkata,4,1,0,1,0,0,0,1,23570098.88
2233,3,1,Delhi,17,1,0,0,0,0,0,0,23417425.75
3676,1,1,Delhi,4,1,0,0,1,1,1,0,38135077.16
2712,1,1,Bangalore,8,1,1,0,0,1,2,2,28698752.24
4700,1,1,Bangalore,9,1,1,1,1,0,1,2,44441742.37
2957,3,1,Chennai,14,1,0,1,1,1,1,2,23031556.11
2778,3,2,Delhi,21,1,1,1,1,1,2,1,33659755.85
610,2,1,Bangalore,23,1,0,0,1,1,1,0,7725837.83
2406,2,2,Bangalore,13,0,1,0,1,0,2,1,24966182.62
2822,3,1,Bangalore,7,1,0,0,1,0,0,1,29108634.85
4650,2,1,Bangalore,27,0,0,1,1,1,2,1,41576203.49
2575,3,2,Delhi,21,1,1,0,0,1,0,1,28314415.34
607,5,5,Mumbai,26,1,1,0,1,1,2,2,16911738.57
3546,1,1,Bangalore,27,1,1,0,1,0,1,2,32169079.26
4235,2,2,Chennai,10,0,1,0,0,0,2,1,31238650.4
2590,5,5,Mumbai,27,0,0,0,1,0,1,2,36519471.67
3743,5,1,Bangalore,13,1,0,0,0,1,1,2,35881238.62
2056,4,3,Pune,25,1,0,0,0,1,2,2,15325566.1
3368,2,1,Kolkata,8,0,1,0,1,0,0,1,17750283.04
1915,5,2,Kolkata,34,0,0,0,1,1,1,1,8719189.05
3664,5,3,Delhi,39,1,0,0,1,0,1,1,37413624.29
3779,5,3,Delhi,13,1,1,1,1,0,1,1,43627107.74
3376,1,1,Bangalore,11,1,0,1,1,0,1,2,32556866.66
2340,1,1,Hyderabad,12,1,0,1,0,1,2,2,19555770.14
1536,1,1,Hyderabad,8,1,1,1,0,1,0,1,15279252.85
4457,4,2,Bangalore,10,1,1,0,1,0,2,0,43163255.32
1490,5,1,Kolkata,24,0,0,1,1,1,1,1,9219139.61
4049,2,1,Chennai,30,1,0,0,1,0,2,1,27151405.71
2286,4,4,Pune,13,1,1,0,1,1,2,2,19184094.86
4211,1,1,Delhi,24,1,1,1,0,1,2,2,44601272.56
2169,1,1,Delhi,22,1,0,0,1,0,1,0,22230267.03
4635,5,1,Chennai,33,1,1,0,0,1,1,1,32264782.14
2890,2,1,Pune,37,1,0,1,1,1,2,1,19660799.22
2142,2,1,Kolkata,24,1,1,0,0,1,1,2,11321684.62
3860,1,1,Hyderabad,35,1,1,0,0,1,2,1,29309524.29
4339,4,4,Kolkata,30,1,1,1,1,0,1,1,22538135.86
2472,5,5,Chennai,16,1,1,0,0,0,1,2,21555896.94
996,1,1,Pune,19,0,0,1,1,1,1,2,8500465.25
2897,3,3,Pune,9,0,1,0,0,1,1,1,21125514.93
1786,5,2,Pune,25,0,1,0,1,0,1,2,14372765.04
671,1,1,Delhi,2,1,1,0,1,1,1,0,12196704.46
961,1,1,Pune,17,1,1,0,1,1,2,2,9075983.98
1664,4,3,Pune,8,1,0,0,0,1,2,2,14694740.19
2698,1,1,Chennai,12,1,1,0,1,0,0,1,20043132.27
3965,5,1,Delhi,22,1,1,0,0,0,0,1,42679410.03
4148,5,1,Mumbai,28,1,0,0,1,1,1,2,52484648.29
1892,5,1,Hyderabad,37,1,1,1,1,1,1,2,18334426.2
929,4,2,Kolkata,27,1,1,0,0,1,1,1,7187502.48
1398,1,1,Pune,36,1,1,0,0,0,1,1,10085193.94
2160,2,1,Bangalore,4,1,0,0,0,1,1,1,21187604.94
3678,1,1,Bangalore,35,0,1,0,0,0,0,1,30947900.45
4731,5,3,Bangalore,0,0,0,0,1,1,2,1,45463329.27
1021,4,1,Kolkata,5,0,1,1,1,1,2,1,9679116.45
4195,3,1,Pune,2,1,1,0,1,1,0,1,30047744.88
927,2,1,Pune,3,1,0,1,1,1,2,1,10207169.62
908,2,1,Mumbai,2,1,0,0,1,0,1,1,16974874.99
2560,3,3,Delhi,21,0,0,0,0,0,1,2,26137170.75
4874,4,1,Chennai,29,1,0,0,1,0,1,1,34017017.61
1222,3,1,Mumbai,4,0,0,0,1,1,1,2,21340684.02
2679,4,4,Mumbai,16,0,0,0,1,1,0,2,37739888.21
3287,2,1,Chennai,12,1,1,0,1,1,2,2,26343316.15
1940,5,3,Chennai,26,1,1,0,0,1,0,1,16570917.2
1192,3,3,Bangalore,16,1,0,0,1,1,2,1,14591397.36
1092,3,3,Pune,13,1,0,0,1,1,0,1,9820550.61
3445,3,1,Pune,24,1,0,0,1,1,1,1,23222722.26
867,3,2,Bangalore,39,1,0,0,1,1,0,2,9918482.42
4620,5,4,Bangalore,18,1,1,0,1,1,1,2,46595770.37
3067,2,2,Hyderabad,26,1,0,0,0,1,1,1,23039292.26
2728,5,1,Kolkata,26,1,0,1,1,0,1,1,14473224.2
4174,3,3,Bangalore,16,1,0,0,0,0,1,0,37914702.53
3549,5,5,Mumbai,12,1,0,0,1,1,1,1,50357476.08
913,1,1,Mumbai,20,1,1,0,0,0,2,1,16026639.26
803,4,2,Chennai,5,0,0,0,0,0,2,2,8253569.4
4097,4,1,Hyderabad,35,1,0,0,0,0,1,2,30015522.61
631,4,2,Chennai,3,0,1,1,0,1,1,2,9844899.95
2516,4,2,Pune,15,1,0,0,0,1,1,1,19493847.28
1762,5,5,Chennai,5,1,1,0,0,0,1,2,17987515.78
1093,4,1,Bangalore,36,1,0,0,0,1,0,2,11337207.09
2756,5,3,Mumbai,19,1,1,0,0,0,1,2,40108764.82
3624,2,2,Bangalore,12,1,0,1,1,0,2,1,34979142.56
828,1,1,Bangalore,38,0,0,0,0,1,0,0,6918061.78
3786,2,2,Hyderabad,11,1,0,1,1,1,1,2,30661431.34
4909,4,4,Hyderabad,30,0,1,1,0,1,2,1,37895356.0
1396,3,3,Kolkata,1,0,1,0,1,0,1,1,10025059.62
670,5,5,Bangalore,17,1,0,0,0,1,1,1,12179621.21
736,2,1,Pune,9,0,0,0,1,0,0,2,7032487.69
1133,2,2,Bangalore,23,1,1,1,1,1,1,1,15758270.31
3951,5,3,Kolkata,12,1,1,1,0,0,2,2,22917028.57
4128,2,1,Delhi,4,1,0,0,0,1,1,1,42685107.38
4345,2,1,Chennai,34,1,1,0,0,0,1,1,31044456.07
3311,2,1,Delhi,1,0,1,1,0,1,0,0,36921227.94
2351,5,3,Chennai,18,1,1,1,0,1,0,1,20630656.58
836,4,1,Kolkata,13,1,1,0,0,0,1,2,8425132.09
1046,3,1,Mumbai,13,1,1,0,1,1,2,2,21492150.2
4494,5,4,Bangalore,9,1,0,0,1,1,0,1,43049283.99
4902,4,3,Pune,35,1,1,0,1,1,1,1,33034923.59
1273,4,4,Delhi,11,0,1,0,1,1,2,1,18777829.54
2802,3,2,Mumbai,7,1,1,0,1,1,1,2,42067671.45
1399,2,1,Chennai,2,0,0,0,1,0,1,2,12201236.84
892,4,3,Kolkata,14,1,0,1,1,1,0,2,7405558.01
3179,3,3,Bangalore,30,1,0,0,0,0,2,0,28737227.55
2895,2,2,Chennai,35,1,0,0,0,1,1,0,20702415.51
4596,4,1,Chennai,4,1,1,1,0,0,1,1,34992932.88
3194,2,1,Delhi,3,0,0,1,0,0,1,2,33053226.35
848,2,1,Kolkata,15,1,1,1,1,0,1,0,7222786.83
1626,4,1,Kolkata,4,1,0,0,1,0,2,2,11337028.95
2863,1,1,Chennai,16,0,1,0,0,1,1,2,20397465.02
1945,5,2,Pune,7,1,0,0,0,1,1,2,16476567.87
3904,5,3,Hyderabad,27,0,1,0,0,0,1,1,31216619.12
4939,2,2,Bangalore,16,1,1,1,0,1,1,1,46502711.86
4991,2,1,Hyderabad,27,1,1,1,1,0,2,2,37764037.67
1698,3,1,Mumbai,31,1,1,0,0,0,1,2,24711359.1
3245,2,2,Mumbai,21,1,0,1,0,1,0,1,41968924.83
3757,3,3,Mumbai,15,1,1,1,1,1,0,1,52857102.43
579,5,1,Hyderabad,11,0,0,1,0,0,1,1,7917005.94
2341,2,1,Chennai,29,1,0,0,0,0,2,2,16060574.1
837,1,1,Hyderabad,26,1,1,0,1,1,0,2,9312290.52
3173,3,2,Hyderabad,1,1,1,1,0,0,1,2,28274045.81
4943,1,1,Kolkata,18,1,0,0,1,0,0,1,23241047.35
4637,5,4,Mumbai,16,1,1,1,0,0,1,1,63985659.46
1113,1,1,Bangalore,18,1,1,1,1,1,1,1,14278363.34
3691,5,5,Bangalore,29,1,1,1,1,0,0,2,38201142.3
2953,1,1,Kolkata,26,1,1,1,0,1,1,1,15020176.27
2736,1,1,Pune,0,0,1,1,1,0,0,2,20880491.67
775,4,2,Hyderabad,33,1,1,1,0,1,2,1,10361418.04
1543,2,1,Pune,18,1,0,0,0,0,1,2,10517028.99
3907,1,1,Delhi,14,1,1,0,0,1,0,0,40018105.07
787,4,4,Kolkata,8,1,1,0,0,0,1,1,7562007.73
3884,4,2,Kolkata,22,1,0,0,0,0,2,1,21111223.19
1306,1,1,Pune,17,1,1,1,0,1,1,2,11771225.2
3036,4,4,Pune,6,0,0,0,0,1,1,2,21879325.04
4242,2,1,Pune,7,1,0,1,1,1,1,2,29681460.61
2600,4,4,Kolkata,7,1,0,0,0,0,1,2,15075430.38
2175,3,2,Delhi,14,1,1,0,1,0,1,1,26267541.86
4251,2,1,Pune,38,1,0,1,0,0,0,0,26919326.48
2048,2,1,Mumbai,0,0,1,0,1,1,2,1,31853237.84
1895,3,2,Bangalore,4,1,1,1,1,1,1,2,23289149.97
2357,5,5,Kolkata,37,1,0,1,0,0,1,2,13873146.86
4964,3,2,Delhi,0,0,1,0,1,1,2,1,53144198.14
4229,1,1,Bangalore,24,0,1,0,0,0,1,2,37085077.0
3868,2,2,Hyderabad,20,0,0,0,1,0,1,1,28173515.72
1258,3,1,Bangalore,35,1,1,1,1,0,2,2,15602149.27
3791,3,2,Pune,18,1,0,1,0,1,2,1,25959407.84
1763,2,2,Chennai,14,1,1,1,1,1,0,2,16340582.37
3193,3,1,Kolkata,11,1,1,1,1,0,1,2,18554668.0
1291,3,2,Bangalore,5,0,1,0,0,0,1,1,16297411.38
2075,3,2,Mumbai,7,0,1,0,1,0,2,0,31591052.51
4015,2,2,Delhi,0,0,1,1,1,1,0,2,44568626.11
3143,2,2,Delhi,29,1,1,1,1,0,0,1,33714851.93
1716,4,3,Chennai,13,1,1,0,1,0,0,2,16105422.45
3971,4,1,Pune,27,1,1,0,0,1,1,0,27300944.07
2189,3,2,Chennai,16,1,1,0,0,0,2,0,18454882.48
4600,1,1,Kolkata,17,1,1,1,0,0,1,2,22706556.98
2591,1,1,Mumbai,33,1,1,0,0,0,2,1,32564525.59
1431,3,2,Hyderabad,34,0,1,1,0,0,1,2,12877448.62
3064,4,4,Kolkata,15,1,1,1,0,0,1,1,18840033.23
1582,2,2,Pune,7,0,0,1,1,0,0,2,12306125.09
4704,1,1,Bangalore,9,1,1,0,0,0,1,1,43009933.08
2715,3,3,Kolkata,39,1,1,0,1,1,2,0,14879620.12
3945,4,3,Bangalore,26,1,1,1,0,1,0,2,38866374.3
3869,3,1,Delhi,19,1,1,0,1,1,1,2,42093764.93
2092,1,1,Pune,22,0,1,1,1,1,0,1,15128742.49
3738,1,1,Hyderabad,0,1,1,1,0,1,1,2,31368768.42
584,2,1,Chennai,2,1,1,1,0,1,2,1,10044451.25
2524,3,2,Hyderabad,36,1,1,0,0,0,1,2,19937713.79
2570,1,1,Hyderabad,18,0,1,0,1,1,2,1,20717462.76
2588,1,1,Hyderabad,8,1,0,0,0,0,1,1,20122294.85
3361,3,2,Chennai,5,1,1,1,0,1,1,1,27146088.72
2904,3,2,Pune,8,1,1,0,1,0,1,1,22021433.93
4476,1,1,Delhi,12,1,1,0,1,0,1,2,45832370.66
2136,5,3,Mumbai,27,1,1,1,0,0,1,1,34023295.34
1786,2,1,Chennai,21,1,0,0,1,1,1,1,14249757.11
1193,3,3,Mumbai,35,0,1,1,0,1,1,0,19612664.0
1158,1,1,Mumbai,4,1,0,0,1,1,1,1,18533154.69
4301,2,2,Hyderabad,9,1,1,1,0,1,1,0,34889694.37
4618,1,1,Pune,26,1,0,0,1,1,2,1,29155565.52
1582,5,1,Mumbai,16,0,0,0,1,0,2,0,24325246.36
3918,5,5,Delhi,11,0,1,0,0,0,0,1,42872676.4
4442,2,1,Bangalore,15,0,1,0,1,1,2,0,40453868.35
3340,4,4,Pune,14,0,1,0,1,1,1,1,24168794.94
4884,4,3,Kolkata,8,0,1,0,1,1,1,2,24946983.85
2560,3,1,Chennai,31,1,1,0,1,1,1,0,20584344.07
948,1,1,Delhi,29,0,0,0,0,0,2,2,8969577.11
4260,3,3,Hyderabad,16,1,0,0,1,1,1,1,32876857.0
2306,5,4,Pune,12,1,1,0,0,0,1,2,18829600.32
1596,4,3,Delhi,20,1,1,0,0,1,1,1,20878628.11
4196,2,1,Chennai,5,1,1,0,1,0,0,1,31390209.36
2741,4,1,Bangalore,10,1,0,1,1,1,2,2,29241708.07
3063,2,1,Delhi,3,0,1,1,1,0,0,0,33585978.31
3698,5,3,Bangalore,36,0,1,1,1,1,1,1,36116848.22
2150,5,4,Delhi,15,1,1,1,0,1,1,2,29931500.48
1203,5,3,Hyderabad,4,1,0,1,1,1,1,0,14661527.0
709,3,2,Mumbai,31,1,0,0,1,1,1,2,13233057.81
1567,3,2,Hyderabad,13,1,0,0,0,1,1,2,14579249.67
2688,2,1,Delhi,29,1,1,0,1,0,1,0,28292970.12
4486,1,1,Kolkata,22,1,1,0,0,1,2,1,22354510.67
4539,1,1,Chennai,17,1,1,0,0,1,1,2,31457175.18
3653,4,4,Pune,12,1,0,1,1,0,1,0,26853079.62
3066,2,1,Hyderabad,5,0,0,0,1,1,1,1,23309448.61
2558,2,1,Mumbai,34,1,1,0,0,1,0,0,32619785.6
4789,2,1,Delhi,4,1,0,1,0,0,1,2,48624320.1
969,1,1,Delhi,21,1,0,1,0,1,2,1,12507271.65
2172,5,4,Pune,29,1,1,0,1,0,2,0,18005756.65
1282,4,1,Mumbai,6,1,1,1,0,1,1,0,24453860.46
1342,2,1,Kolkata,22,1,1,0,1,1,2,1,9354605.55
4232,4,1,Delhi,31,1,0,1,0,1,0,2,42338559.3
2694,4,3,Kolkata,0,0,1,1,1,1,1,1,17035350.7
2271,3,2,Chennai,33,1,0,0,1,0,2,2,17587888.83
4589,2,2,Kolkata,35,1,0,0,0,0,1,2,21809718.64
3074,2,2,Kolkata,24,0,0,0,1,0,2,2,16134130.63
838,1,1,Delhi,6,0,1,1,0,0,1,2,13308266.94
4968,3,2,Chennai,18,1,1,1,1,0,1,1,37259179.37
4273,3,3,Hyderabad,3,0,1,1,0,1,0,2,34538898.25
2365,2,1,Bangalore,15,1,1,1,0,0,2,1,25903928.19
520,3,2,Bangalore,5,1,1,0,0,1,2,2,10855812.27
505,4,1,Pune,1,0,1,0,1,0,0,1,7674733.14
1045,1,1,Mumbai,21,1,1,0,1,1,1,2,17890928.17
1918,5,2,Hyderabad,3,1,0,0,1,1,1,1,18513057.71
843,4,2,Kolkata,30,0,0,0,0,0,1,1,5128655.6
3579,3,3,Delhi,29,1,1,1,1,0,0,2,39256200.81
1726,5,2,Hyderabad,23,1,0,0,1,1,2,2,15870768.74
939,1,1,Bangalore,28,0,0,0,1,1,0,2,8835449.53
1435,3,1,Hyderabad,25,1,1,0,0,1,0,2,12731040.23
3150,1,1,Delhi,0,0,1,0,1,1,2,1,34284239.14
1011,3,3,Hyderabad,12,1,1,0,0,1,1,2,12067412.68
3307,5,1,Hyderabad,24,1,1,0,0,0,1,1,27162421.45
1600,5,5,Bangalore,15,1,0,0,0,0,1,2,19592246.1
4193,2,1,Pune,19,1,1,0,0,1,0,2,27967886.03
2408,3,2,Delhi,22,0,0,1,0,1,1,0,25888019.82
3445,2,1,Chennai,13,0,1,0,1,0,0,1,25306938.53
4229,3,1,Mumbai,14,0,1,1,1,0,1,0,55676867.17
1450,3,3,Delhi,16,1,0,1,0,1,2,1,18943350.96
4613,3,3,Bangalore,15,1,0,0,1,0,2,2,43173825.92
1532,5,5,Pune,36,1,0,0,1,1,0,0,12540495.76
3885,2,2,Pune,3,1,0,0,1,1,2,1,27067031.31
1061,2,2,Delhi,36,1,1,0,1,1,1,1,14811258.59
1094,2,1,Delhi,0,1,0,1,1,1,0,1,16623526.8
992,5,4,Kolkata,22,1,1,0,1,0,1,2,9199038.53
753,1,1,Hyderabad,6,1,0,1,0,1,1,0,8921970.85
2876,3,3,Bangalore,11,1,1,0,1,1,2,1,30913212.38
3800,4,4,Chennai,19,1,0,1,1,1,1,1,29060277.51
3278,3,1,Pune,33,1,1,0,1,1,2,1,22348332.0
2940,5,4,Kolkata,39,1,0,0,0,1,0,1,15762831.21
1148,4,2,Mumbai,30,0,0,1,0,1,0,1,17466707.23
655,5,4,Hyderabad,16,1,0,0,1,0,1,1,10032973.75
4817,5,4,Delhi,28,1,1,1,1,0,1,2,51750864.16
3891,5,1,Pune,14,1,1,1,1,0,1,1,28534039.52
2218,2,2,Bangalore,37,1,0,0,0,1,2,2,21195120.83
4757,2,1,Kolkata,17,1,0,1,1,1,2,0,23885907.14
1557,5,3,Hyderabad,3,1,1,1,0,1,0,0,17149407.21
4803,5,3,Mumbai,3,1,1,0,1,1,1,2,66605808.05
4632,2,1,Kolkata,19,0,1,0,0,1,1,2,22571114.18
2209,2,1,Hyderabad,6,1,0,0,1,0,2,1,18955378.73
4751,2,2,Pune,25,1,1,1,1,1,0,2,31996606.12
2697,1,1,Hyderabad,4,1,1,0,0,0,1,1,23476922.47
606,3,2,Mumbai,26,1,1,0,0,0,1,2,13075362.01
3414,2,2,Mumbai,30,0,1,0,1,1,1,1,43205984.71
4883,1,1,Delhi,35,1,1,0,0,0,1,0,46565491.82
4128,2,1,Chennai,0,1,1,0,1,0,0,1,31307022.23
972,4,2,Chennai,9,1,1,1,1,1,0,1,13302317.05
3218,5,4,Chennai,25,1,1,1,0,0,2,2,26409481.4
2692,2,2,Mumbai,13,0,0,0,0,0,2,1,34235984.62
857,2,2,Bangalore,24,0,1,1,0,0,2,2,12285710.23
4442,5,3,Kolkata,19,0,1,0,0,1,1,2,22944370.03
3978,1,1,Chennai,33,0,0,0,1,0,1,2,24988799.01
2487,4,2,Delhi,27,1,1,0,0,0,2,0,28237641.3
2482,5,5,Chennai,20,1,1,0,1,1,2,1,21925099.08
2340,1,1,Chennai,37,1,1,0,0,0,1,0,16853783.02
3304,1,1,Chennai,32,1,1,1,1,1,1,2,24578446.99
